_______,1.1.01.
____,1.1.02.
__________ ___________ ___,1.2.01.
_____,1.2.02.
_____,1.2.03.
________,3.1.01.
________ ___,3.1.02.
_________,3.1.03.
__________,3.1.04.
_______,3.1.05.
______,3.1.06.
______ ______,3.1.07.
____________,3.2.01.
________ ____________,3.2.02.
_/_ _______,3.2.03.
______,3.2.04.
_______,3.2.05.
___________,3.2.06.
_________,3.2.07.
_________________,3.2.08.
________,3.2.09.
_________________,3.2.10.
_____,3.2.11.
____________ ,3.2.12.
_______,2.1.01.
____________,2.1.02.
_____,2.1.03.
______ _______,2.1.04.
_________,2.1.05.
________,2.1.06.
________,2.1.07.
_____,2.1.08.
____,2.1.09.
___,2.1.10.
_____,2.1.11.
__________,2.1.12.
________,2.1.13.
_________,2.1.14.
__________,2.1.15.
____,2.1.16.
____,2.1.17.
_______,2.1.18.
_____,2.1.19.
________,2.1.20.
___,2.1.21.
________,2.1.22.
________,2.1.23.
____________,2.1.24.
___,2.1.25.
________,2.1.26.
_____,2.1.27.
_________,2.1.28.
______________,2.1.29.
_______,2.2.01.
___,2.2.02.
___,2.2.03.
___,2.2.04.
_____,2.2.05.
_____,2.2.06.
______,2.2.07.
_______ ____,2.3.01.
____,2.3.02.
_____,2.3.03.
_________,2.3.04.
_______,2.3.05.
_________,2.3.06.
_____,2.3.07.
____,2.3.08.
_____,2.3.09.
___,2.3.10.
____,2.3.11.
_____,3.3.01.
_______,3.3.02.
_________,3.3.03.
_________ ______,3.3.04.
_______,3.3.05.
___________,3.3.06.
__________,3.3.07.
______,3.3.08.
___________,3.3.09.
__________ ____,3.3.10.
___________,3.3.11.
___________,3.3.12.
_________,3.3.13.
_________-_____,3.3.14.
_________-_______,3.3.15.
________,3.3.16.
______,3.3.17.
_______,3.3.18.
______,3.3.19.
________,3.3.20.
_____,3.3.21.
________ ____,3.3.22.
______,3.3.23.
____,3.3.24.
_____________,3.3.25.
_________,3.3.26.
_____,3.3.27.
_________,3.3.28.
_________,3.3.29.
________,3.3.30.
_______,3.3.31.
_______,4.1.01.
_______,4.1.02.
_______,4.1.03.
______,4.1.04.
________,4.1.05.
__________,4.1.06.
_______,4.1.07.
____,4.1.08.
______,4.1.09.
_______,4.1.10.
_____,4.1.11.
_______,4.2.01.
_________,4.2.02.
__________,4.2.03.
________,4.2.04.
________,4.2.05.
_______,4.2.06.
_________,4.2.07.
_______,4.2.08.
______,4.2.09.
____-________,4.2.10.
___________,4.2.11.